<?xml version="1.0" encoding="UTF-8"?>
<!DOCTYPE mapper PUBLIC "-//mybatis.org//DTD Mapper 3.0//EN" "http://mybatis.org/dtd/mybatis-3-mapper.dtd">
<mapper namespace="com.dao.TushuDao">

    <!-- 通用查询结果列 -->
    <sql id="Base_Column_List">
        a.id as id
        ,a.tushu_bianhao as tushuBianhao
        ,a.tushu_name as tushuName
        ,a.tushu_zuozhe as tushuZuozhe
        ,a.tushu_photo as tushuPhoto
        ,a.tushu_types as tushuTypes
        ,a.chubanshe_types as chubansheTypes
        ,a.tushu_kuchuen as tushuKuchuen
        ,a.tushu_jieyue as tushuJieyue
        ,a.tushu_content as tushuContent
        ,a.create_time as createTime
    </sql>
    <select id="selectListView" parameterType="map" resultType="com.entity.view.TushuView" >
        SELECT
        <include refid="Base_Column_List" />

--         级联表的字段

        FROM tushu  a

        <where>
            <if test=" params.tushuBianhao != '' and params.tushuBianhao != null and params.tushuBianhao != 'null' ">
                and a.tushu_bianhao like CONCAT('%',#{params.tushuBianhao},'%')
            </if>
            <if test=" params.tushuName != '' and params.tushuName != null and params.tushuName != 'null' ">
                and a.tushu_name like CONCAT('%',#{params.tushuName},'%')
            </if>
            <if test=" params.tushuZuozhe != '' and params.tushuZuozhe != null and params.tushuZuozhe != 'null' ">
                and a.tushu_zuozhe like CONCAT('%',#{params.tushuZuozhe},'%')
            </if>
            <if test="params.tushuTypes != null">
                and a.tushu_types = #{params.tushuTypes}
            </if>
            <if test="params.chubansheTypes != null">
                and a.chubanshe_types = #{params.chubansheTypes}
            </if>
            <if test="params.tushuKuchuenStart != null">
                <![CDATA[  and a.tushu_kuchuen >= #{params.tushuKuchuenStart}   ]]>
            </if>
            <if test="params.tushuKuchuenEnd != null">
                <![CDATA[  and a.tushu_kuchuen <= #{params.tushuKuchuenEnd}   ]]>
            </if>
            <if test="params.tushuJieyueStart != null">
                <![CDATA[  and a.tushu_jieyue >= #{params.tushuJieyueStart}   ]]>
            </if>
            <if test="params.tushuJieyueEnd != null">
                <![CDATA[  and a.tushu_jieyue <= #{params.tushuJieyueEnd}   ]]>
            </if>
            <if test=" params.tushuContent != '' and params.tushuContent != null and params.tushuContent != 'null' ">
                and a.tushu_content like CONCAT('%',#{params.tushuContent},'%')
            </if>

        </where>
        order by a.${params.orderBy} desc
    </select>

</mapper>