<?xml version="1.0" encoding="UTF-8"?>
<!DOCTYPE mapper PUBLIC "-//mybatis.org//DTD Mapper 3.0//EN" "http://mybatis.org/dtd/mybatis-3-mapper.dtd">
<mapper namespace="com.dao.YonghuDao">

    <!-- 通用查询结果列 -->
    <sql id="Base_Column_List">
        a.id as id
        ,a.username as username
        ,a.password as password
        ,a.yonghu_name as yonghuName
        ,a.yonghu_xuehao as yonghuXuehao
        ,a.sex_types as sexTypes
        ,a.yonghu_id_number as yonghuIdNumber
        ,a.yonghu_phone as yonghuPhone
        ,a.yonghu_zhuzhi as yonghuZhuzhi
        ,a.yonghu_photo as yonghuPhoto
        ,a.yonghu_role as yonghuRole
        ,a.yonghu_zhanye as yonghuZhanye
        ,a.yonghu_banji as yonghuBanji
        ,a.jieyueshuliang as jieyueshuliang
        ,a.create_time as createTime
    </sql>
    <select id="selectListView" parameterType="map" resultType="com.entity.view.YonghuView" >
        SELECT
        <include refid="Base_Column_List" />

--         级联表的字段

        FROM yonghu  a

        <where>
            <if test=" params.username != '' and params.username != null and params.username != 'null' ">
                and a.username like CONCAT('%',#{params.username},'%')
            </if>
            <if test=" params.password != '' and params.password != null and params.password != 'null' ">
                and a.password like CONCAT('%',#{params.password},'%')
            </if>
            <if test=" params.yonghuName != '' and params.yonghuName != null and params.yonghuName != 'null' ">
                and a.yonghu_name like CONCAT('%',#{params.yonghuName},'%')
            </if>
            <if test=" params.yonghuXuehao != '' and params.yonghuXuehao != null and params.yonghuXuehao != 'null' ">
                and a.yonghu_xuehao like CONCAT('%',#{params.yonghuXuehao},'%')
            </if>
            <if test="params.sexTypes != null">
                and a.sex_types = #{params.sexTypes}
            </if>
            <if test=" params.yonghuIdNumber != '' and params.yonghuIdNumber != null and params.yonghuIdNumber != 'null' ">
                and a.yonghu_id_number like CONCAT('%',#{params.yonghuIdNumber},'%')
            </if>
            <if test=" params.yonghuPhone != '' and params.yonghuPhone != null and params.yonghuPhone != 'null' ">
                and a.yonghu_phone like CONCAT('%',#{params.yonghuPhone},'%')
            </if>
            <if test=" params.yonghuZhuzhi != '' and params.yonghuZhuzhi != null and params.yonghuZhuzhi != 'null' ">
                and a.yonghu_zhuzhi like CONCAT('%',#{params.yonghuZhuzhi},'%')
            </if>
            <if test=" params.yonghuRole != '' and params.yonghuRole != null and params.yonghuRole != 'null' ">
                and a.yonghu_role like CONCAT('%',#{params.yonghuRole},'%')
            </if>
            <if test=" params.yonghuZhanye != '' and params.yonghuZhanye != null and params.yonghuZhanye != 'null' ">
                and a.yonghu_zhanye like CONCAT('%',#{params.yonghuZhanye},'%')
            </if>
            <if test=" params.yonghuBanji != '' and params.yonghuBanji != null and params.yonghuBanji != 'null' ">
                and a.yonghu_banji like CONCAT('%',#{params.yonghuBanji},'%')
            </if>

        </where>
        order by a.${params.orderBy} desc
    </select>

</mapper>